William,The Shining,5
William,It (2017),4
William,Indiana Jones: Raiders of the Lost Ark,5
William,Avatar,3
William,Caddyshack,4
William,The Hangover,4
William,The Shawshank Redemption,5
William,The Social Network,3
William,Fahrenheit 9/11,4
William,Jiro Dreams of Sushi,4
Maha,The Shining,1
Maha,It (2017),2
Maha,Indiana Jones: Raiders of the Lost Ark,3
Maha,Avatar,4
Maha,Caddyshack,2
Maha,The Hangover,4
Maha,The Shawshank Redemption,3
Maha,The Social Network,4
Maha,Fahrenheit 9/11,2
Maha,Jiro Dreams of Sushi,2
Donna,The Shining,1
Donna,It (2017),I've never seen this movie.
Donna,Indiana Jones: Raiders of the Lost Ark,4
Donna,Avatar,4
Donna,Caddyshack,3
Donna,The Hangover,4
Donna,The Shawshank Redemption,5
Donna,The Social Network,I've never seen this movie.
Donna,Fahrenheit 9/11,3
Donna,Jiro Dreams of Sushi,I've never seen this movie.
Theodore,The Shining,4
Theodore,It (2017),I've never seen this movie.
Theodore,Indiana Jones: Raiders of the Lost Ark,5
Theodore,Avatar,I've never seen this movie.
Theodore,Caddyshack,4
Theodore,The Hangover,3
Theodore,The Shawshank Redemption,5
Theodore,The Social Network,I've never seen this movie.
Theodore,Fahrenheit 9/11,4
Theodore,Jiro Dreams of Sushi,I've never seen this movie.
Michelle,The Shining,1
Michelle,It (2017),I've never seen this movie.
Michelle,Indiana Jones: Raiders of the Lost Ark,4
Michelle,Avatar,3
Michelle,Caddyshack,2
Michelle,The Hangover,5
Michelle,The Shawshank Redemption,4
Michelle,The Social Network,4
Michelle,Fahrenheit 9/11,5
Michelle,Jiro Dreams of Sushi,I've never seen this movie.
Rob,The Shining,4
Rob,It (2017),4
Rob,Indiana Jones: Raiders of the Lost Ark,5
Rob,Avatar,5
Rob,Caddyshack,5
Rob,The Hangover,5
Rob,The Shawshank Redemption,4
Rob,The Social Network,4
Rob,Fahrenheit 9/11,4
Rob,Jiro Dreams of Sushi,3
Jay,The Shining,4
Jay,It (2017),3
Jay,Indiana Jones: Raiders of the Lost Ark,4
Jay,Avatar,2
Jay,Caddyshack,I've never seen this movie.
Jay,The Hangover,3
Jay,The Shawshank Redemption,4
Jay,The Social Network,2
Jay,Fahrenheit 9/11,3
Jay,Jiro Dreams of Sushi,4
Max,The Shining,I've never seen this movie.
Max,It (2017),I've never seen this movie.
Max,Indiana Jones: Raiders of the Lost Ark,4
Max,Avatar,3
Max,Caddyshack,I've never seen this movie.
Max,The Hangover,4
Max,The Shawshank Redemption,I've never seen this movie.
Max,The Social Network,4
Max,Fahrenheit 9/11,4
Max,Jiro Dreams of Sushi,5
Jarobi,The Shining,3
Jarobi,It (2017),I've never seen this movie.
Jarobi,Indiana Jones: Raiders of the Lost Ark,2
Jarobi,Avatar,2
Jarobi,Caddyshack,I've never seen this movie.
Jarobi,The Hangover,3
Jarobi,The Shawshank Redemption,4
Jarobi,The Social Network,4
Jarobi,Fahrenheit 9/11,5
Jarobi,Jiro Dreams of Sushi,4
Teal,The Shining,I've never seen this movie.
Teal,It (2017),I've never seen this movie.
Teal,Indiana Jones: Raiders of the Lost Ark,2
Teal,Avatar,3
Teal,Caddyshack,I've never seen this movie.
Teal,The Hangover,5
Teal,The Shawshank Redemption,3
Teal,The Social Network,3
Teal,Fahrenheit 9/11,I've never seen this movie.
Teal,Jiro Dreams of Sushi,I've never seen this movie.
