year,state,special,cook_rating,winner_name,winner_party,winner_pct
1976,AZ,False,NA,Dennis DeConcini,Democrat,54.0
1976,CA,False,NA,S. I. (Sam) Hayakawa,Republican,50.2
1976,CT,False,NA,Lowell P. Weicker Jr.,Republican,57.7
1976,DE,False,NA,William V. Roth Jr.,Republican,55.8
1976,FL,False,NA,Lawton Chiles,Democrat,63.0
1976,HI,False,NA,Spark M. Matsunaga,Democrat,53.7
1976,IN,False,NA,Richard G. Lugar,Republican,59.0
1976,ME,False,NA,Edmund S. Muskie,Democrat,60.2
1976,MD,False,NA,Paul S. Sarbanes,Democrat,56.6
1976,MA,False,NA,Edward M. Kennedy,Democrat,69.3
1976,MI,False,NA,Donald W. Riegle Jr.,Democrat,52.5
1976,MN,False,NA,Hubert H. Humphrey,Democrat,67.5
1976,MS,False,NA,John C. Stennis,Democrat,100.0
1976,MO,False,NA,John C. Danforth,Republican,56.9
1976,MT,False,NA,John Melcher,Democrat,64.2
1976,NE,False,NA,Edward Zorinsky,Democrat,52.9
1976,NV,False,NA,Howard W. Cannon,Democrat,63.0
1976,NJ,False,NA,Harrison A. Williams Jr.,Democrat,60.7
1976,NM,False,NA,Harrison Jack Schmitt,Republican,56.8
1976,NY,False,NA,Daniel Patrick Moynihan,Democrat,48.6
1976,ND,False,NA,Quentin N. Burdick,Democrat,62.1
1976,OH,False,NA,Howard M. Metzenbaum,Democrat,49.5
1976,PA,False,NA,H. John Heinz III,Republican,52.4
1976,RI,False,NA,John H. Chafee,Republican,57.7
1976,TN,False,NA,James R. Sasser,Democrat,52.5
1976,TX,False,NA,Lloyd Bentsen,Democrat,56.8
1976,UT,False,NA,Orrin G. Hatch,Republican,55.6
1976,VT,False,NA,Robert T. Stafford,Republican,50.0
1976,VA,False,NA,Harry F. Byrd Jr.,Independent,57.2
1976,WA,False,NA,Henry M. Jackson,Democrat,71.8
1976,WV,False,NA,Robert C. Byrd,Democrat,100.0
1976,WI,False,NA,William Proxmire,Democrat,72.2
1976,WY,False,NA,Malcolm Wallop,Republican,54.6
1978,AL,False,NA,Howell Heflin,Democrat,94.0
1978,AL,True,NA,Donald Stewart,Democrat,55.1
1978,AK,False,NA,Ted Stevens,Republican,75.6
1978,AR,False,NA,David Pryor,Democrat,76.5
1978,CO,False,NA,William L. Armstrong,Republican,58.7
1978,DE,False,NA,Joseph R. Biden Jr.,Democrat,58.0
1978,GA,False,NA,Sam Nunn,Democrat,83.1
1978,ID,False,NA,James A. McClure,Republican,68.4
1978,IL,False,NA,Charles H. Perey,Republican,53.3
1978,IA,False,NA,Roger W. Jepsen,Republican,51.1
1978,KS,False,NA,Nancy Landon Kassebaum,Republican,53.9
1978,KY,False,NA,Walter D. Huddleston,Democrat,61.0
1978,LA,False,NA,J. Bennett Johnston Jr. ,Democrat,100.0
1978,ME,False,NA,William S. Cohen,Republican,56.6
1978,MA,False,NA,Paul E. Tsongas,Democrat,55.1
1978,MI,False,NA,Carl Levin,Democrat,52.1
1978,MN,False,NA,Rudolph E. Boschwitz,Republican,56.6
1978,MN,True,NA,David Durenberger,Republican,61.5
1978,MS,False,NA,Thad Cochran,Republican,45.3
1978,MT,False,NA,Max Baucus,Democrat,55.7
1978,NE,False,NA,James J. Exon,Democrat,67.7
1978,NH,False,NA,Gordon J. Humphrey,Republican,50.7
1978,NJ,False,NA,Bill Bradley,Democrat,55.3
1978,NM,False,NA,Pete V. Domenici,Republican,53.4
1978,NC,False,NA,Jesse Helms,Republican,54.5
1978,OK,False,NA,David Lyle Boren,Democrat,65.5
1978,OR,False,NA,Mark Hatfield,Republican,61.6
1978,RI,False,NA,Claiborne Pell,Democrat,75.1
1978,SC,False,NA,Strom Thurmond,Republican,55.7
1978,SD,False,NA,Larry Pressler,Republican,66.8
1978,TN,False,NA,Howard H. Baker,Republican,55.5
1978,TX,False,NA,John G. Tower,Republican,49.8
1978,VA,False,NA,John William Warner,Republican,50.2
1978,WV,False,NA,Jennings Randolph,Democrat,50.5
1978,WY,False,NA,Raymond B. Whitaker,Democrat,62.2
1980,AL,False,NA,Jeremiah Denton,Republican,50.2
1980,AK,False,NA,Frank H. Murkowski,Republican,53.7
1980,AZ,False,NA,Barry Goldwater,Republican,49.5
1980,AR,False,NA,Dale Bumpers,Democrat,59.1
1980,CA,False,NA,Alan Cranston,Democrat,56.5
1980,CO,False,NA,Gary Hart,Democrat,50.3
1980,CT,False,NA,Christopher J. Dodd,Democrat,56.3
1980,FL,False,NA,Paula Hawkins,Republican,51.7
1980,GA,False,NA,Mack Mattingly,Republican,50.9
1980,HI,False,NA,Daniel K. Inouye,Democrat,77.9
1980,ID,False,NA,Steve Symms,Republican,49.7
1980,IL,False,NA,Alan J. Dixon,Democrat,56.0
1980,IN,False,NA,Dan Quayle,Republican,53.8
1980,IA,False,NA,Charles E. Grassley,Republican,53.5
1980,KS,False,NA,Bob Dole,Republican,63.8
1980,KY,False,NA,Wendell H. Ford,Democrat,65.1
1980,LA,False,NA,Russell B. Long,Democrat,57.6
1980,MD,False,NA,Charles McC. Mathias Jr. ,Republican,66.2
1980,MO,False,NA,Thomas F. Eagleton,Democrat,52.0
1980,NV,False,NA,Paul Laxalt,Republican,59.3
1980,NH,False,NA,Warren Rudman,Republican,52.1
1980,NY,False,NA,Elizabeth Holtzman,Democrat,43.5
1980,NC,False,NA,John P. East,Republican,50.0
1980,ND,False,NA,Mark Andrews,Republican,70.3
1980,OH,False,NA,John Glenn,Democrat,68.8
1980,OK,False,NA,Don Nickles,Republican,53.5
1980,OR,False,NA,Bob Packwood,Republican,52.1
1980,PA,False,NA,Arlen Specter,Republican,50.5
1980,SC,False,NA,Ernest Fritz Hollings,Democrat,70.4
1980,SD,False,NA,James Abdnor,Republican,58.2
1980,UT,False,NA,Jake Garn,Republican,73.6
1980,VT,False,NA,Patrick J. Leahy,Democrat,49.8
1980,WA,False,NA,Slade Gorton,Republican,54.2
1980,WI,False,NA,Robert W. Kasten Jr.,Republican,50.2
1982,AZ,False,NA,Dennis DeConcini,Democrat,56.9
1982,CA,False,NA,Pete Wilson,Republican,51.5
1982,CT,False,NA,Lowell P. Weicker Jr.,Republican,50.4
1982,DE,False,NA,William V. Roth Jr.,Republican,55.2
1982,FL,False,NA,Lawton Chiles,Democrat,61.7
1982,HI,False,NA,Spark Matsunaga,Democrat,80.1
1982,IN,False,NA,Richard G. Lugar,Republican,53.8
1982,ME,False,NA,George J. Mitchell,Democrat,60.9
1982,MD,False,NA,Paul S. Sarbanes,Democrat,63.5
1982,MA,False,NA,Edward M. Kennedy,Democrat,60.8
1982,MI,False,NA,Donald W. Riegle Jr.,Democrat,57.7
1982,MN,False,NA,Dave Durenberger,Republican,52.6
1982,MS,False,NA,John C. Stennis,Democrat,64.2
1982,MO,False,NA,John C. Danforth,Republican,50.8
1982,MT,False,NA,John Melcher,Democrat,54.5
1982,NE,False,NA,Edward Zorinsky,Democrat,66.6
1982,NV,False,NA,Chic Hecht,Republican,51.2
1982,NJ,False,NA,Frank R. Lautenberg,Democrat,50.9
1982,NM,False,NA,Jeff Bingaman,Democrat,53.8
1982,NY,False,NA,Daniel P. Moynihan,Democrat,62.2
1982,ND,False,NA,Quentin N. Burdick,Democrat,62.8
1982,OH,False,NA,Howard M. Metzenbaum,Democrat,56.7
1982,PA,False,NA,John Heinz,Republican,59.3
1982,RI,False,NA,John H. Chafee,Republican,51.2
1982,TN,False,NA,Jim Sasser,Democrat,61.9
1982,TX,False,NA,Lloyd Bentsen,Democrat,58.6
1982,UT,False,NA,Orrin G. Hatch,Republican,58.3
1982,VT,False,NA,Robert T. Stafford,Republican,50.3
1982,VA,False,NA,Paul S. Trible Jr.,Republican,51.2
1982,WA,False,NA,Henry M. Jackson,Democrat,69.0
1982,WV,False,NA,Robert C. Byrd,Democrat,68.5
1982,WI,False,NA,William Proxmire,Democrat,63.6
1982,WY,False,NA,Malcolm Wallop,Republican,56.7
1984,AL,False,NA,Howell Heflin,Democrat,62.8
1984,AK,False,NA,Ted Stevens,Republican,71.2
1984,AR,False,NA,David Pryor,Democrat,57.3
1984,CO,False,NA,William L. Bill Armstrong,Republican,64.2
1984,DE,False,NA,Joseph R. Biden Jr.,Democrat,60.1
1984,GA,False,NA,Sam Nunn,Democrat,79.9
1984,ID,False,NA,James A. McClure,Republican,72.2
1984,IL,False,NA,Paul Simon,Democrat,50.1
1984,IA,False,NA,Tom Harkin,Democrat,55.5
1984,KS,False,NA,Nancy Landon Kassebaum,Republican,76.0
1984,KY,False,NA,Mitch McConnell,Democrat,49.9
1984,LA,False,NA,J. Bennett Johnston Jr.,Democrat,100.0
1984,ME,False,NA,William S. Cohen,Republican,73.3
1984,MA,False,NA,John F. Kerry,Democrat,55.1
1984,MI,False,NA,Carl Levin,Democrat,51.8
1984,MN,False,NA,Rudy Boschwitz,Republican,58.1
1984,MS,False,NA,Thad Cochran,Republican,60.9
1984,MT,False,NA,Max Baucus,Democrat,56.9
1984,NE,False,NA,J. J. Exon,Democrat,51.9
1984,NH,False,NA,Gordon J. Humphrey,Republican,58.8
1984,NJ,False,NA,Bill Bradley,Democrat,64.2
1984,NM,False,NA,Pete V. Domenici,Republican,71.9
1984,NC,False,NA,Jesse Helms,Republican,51.7
1984,OK,False,NA,David Boren,Democrat,75.6
1984,OR,False,NA,Mark O. Hatfield,Republican,66.5
1984,RI,False,NA,Claiborne deB. Pell,Democrat,72.7
1984,SC,False,NA,Strom Thurmond,Republican,66.8
1984,SD,False,NA,Larry Pressler,Republican,74.5
1984,TN,False,NA,Albert Gore Jr.,Democrat,60.7
1984,TX,False,NA,Phil Gramm,Republican,58.5
1984,VA,False,NA,John W. Warner,Republican,70.0
1984,WV,False,NA,Jay Rockefeller,Democrat,51.8
1984,WY,False,NA,Al Simpson,Republican,78.3
1986,AL,False,NA,Richard Shelby,Democrat,50.3
1986,AK,False,NA,Frank H. Murkowski,Republican,54.0
1986,AZ,False,NA,John McCain,Republican,60.5
1986,AR,False,NA,Dale Bumpers,Democrat,62.3
1986,CA,False,NA,Alan Cranston,Democrat,49.3
1986,CO,False,NA,Timothy E. Wirth,Democrat,49.9
1986,CT,False,NA,Christopher J. Dodd,Democrat,64.8
1986,FL,False,NA,Bob Graham,Democrat,54.7
1986,GA,False,NA,Wyche Fowler Jr.,Democrat,50.9
1986,HI,False,NA,Daniel K. Inouye,Democrat,73.6
1986,ID,False,NA,Steve Symms,Republican,51.6
1986,IL,False,NA,Alan J. Dixon,Democrat,65.1
1986,IN,False,NA,Dan Quayle,Republican,60.6
1986,IA,False,NA,Charles E. Grassley,Republican,66.0
1986,KS,False,NA,Bob Dole,Republican,70.0
1986,KY,False,NA,Wendell H. Ford,Democrat,74.4
1986,LA,False,NA,John B. Breaux,Democrat,52.8
1986,MD,False,NA,Barbara A. Mikulski,Democrat,60.7
1986,MO,False,NA,Christopher (Kit) Bond,Republican,52.6
1986,NV,False,NA,Harry Reid,Democrat,50.0
1986,NH,False,NA,Warren B. Rudman,Republican,63.0
1986,NY,False,NA,Alfonse M. D'Amato,Republican,45.3
1986,NC,False,NA,Terry Sanford,Democrat,51.8
1986,ND,False,NA,Kent Conrad,Democrat,49.8
1986,OH,False,NA,John Glenn,Democrat,62.5
1986,OK,False,NA,Don Nickles,Republican,55.2
1986,OR,False,NA,Bob Packwood,Republican,63.0
1986,PA,False,NA,Arlen Specter,Republican,56.4
1986,SC,False,NA,Ernest Fritz Hollings,Democrat,63.1
1986,SD,False,NA,Thomas A. Daschle,Democrat,51.6
1986,UT,False,NA,E. J. Jake Garn,Republican,72.3
1986,VT,False,NA,Patrick Leahy,Democrat,63.2
1986,WA,False,NA,Brock Adams,Democrat,50.7
1986,WI,False,NA,Robert W. Kasten Jr.,Republican,50.9
1988,AZ,False,NA,Dennis DeConcini,Democrat,56.7
1988,CA,False,NA,Pete Wilson,Republican,52.8
1988,CT,False,NA,Joe Lieberman,Democrat,49.8
1988,DE,False,NA,William V. Roth Jr.,Republican,62.1
1988,FL,False,NA,Connie Mack,Republican,50.4
1988,HI,False,NA,Spark Matsunaga,Democrat,76.6
1988,IN,False,NA,Richard G. Lugar,Republican,68.1
1988,ME,False,NA,George J. Mitchell,Democrat,81.3
1988,MD,False,NA,Paul S. Sarbanes,Democrat,61.8
1988,MA,False,NA,Edward M. Kennedy,Democrat,65.0
1988,MI,False,NA,Donald W. Riegle Jr.,Democrat,60.4
1988,MN,False,NA,Dave Durenberger,Republican,56.2
1988,MS,False,NA,Trent Lott,Republican,53.9
1988,MO,False,NA,John C. Danforth,Republican,67.7
1988,MT,False,NA,Conrad Burns,Republican,51.9
1988,NE,False,NA,Bob Kerrey,Democrat,56.7
1988,NV,False,NA,Richard H. Bryan,Democrat,51.3
1988,NJ,False,NA,Frank R. Lautenberg,Democrat,53.6
1988,NM,False,NA,Jeff Bingaman,Democrat,63.3
1988,NY,False,NA,Daniel Patrick Moynihan,Democrat,64.7
1988,ND,False,NA,Quentin N. Burdick,Democrat,59.4
1988,OH,False,NA,Howard M. Metzenbaum,Democrat,57.0
1988,PA,False,NA,John Heinz,Republican,66.5
1988,RI,False,NA,John H. Chaffee,Republican,54.6
1988,TN,False,NA,Jim Sasser,Democrat,65.1
1988,TX,False,NA,Lloyd Bentsen,Democrat,59.2
1988,UT,False,NA,Orrin G. Hatch,Republican,67.1
1988,VT,False,NA,James M. Jeffords,Republican,68.0
1988,VA,False,NA,Charles S. Robb,Democrat,71.2
1988,WA,False,NA,Slade Gorton,Republican,51.1
1988,WV,False,NA,Robert C. Byrd,Democrat,64.8
1988,WI,False,NA,Herbert H. Kohl,Democrat,52.1
1988,WY,False,NA,Malcolm Wallop,Republican,50.4
1990,AL,False,NA,Howell Heflin,Democrat,60.6
1990,AK,False,NA,Ted Stevens,Republican,66.2
1990,AR,False,NA,David H. Pryor,Democrat,99.8
1990,CO,False,NA,Hank Brown,Republican,55.7
1990,DE,False,NA,Joseph R. Biden Jr.,Democrat,62.7
1990,GA,False,NA,Sam Nunn,Democrat,100.0
1990,HI,True,NA,Daniel K. Akaka,Democrat,54.0
1990,ID,False,NA,Larry E. Craig,Republican,61.3
1990,IL,False,NA,Paul Simon,Democrat,65.1
1990,IN,True,NA,Dan Coats,Republican,53.6
1990,IA,False,NA,Tom Harkin,Democrat,54.5
1990,KS,False,NA,Nancy Landon Kassebaum,Republican,73.6
1990,KY,False,NA,Mitch McConnell,Republican,52.2
1990,LA,False,NA,J. Bennett Johnston,Democrat,100.0
1990,ME,False,NA,William S. Cohen,Republican,61.3
1990,MA,False,NA,John F. Kerry,Democrat,54.5
1990,MI,False,NA,Carl Levin,Democrat,57.5
1990,MN,False,NA,Paul David Wellstone,Democrat,50.4
1990,MS,False,NA,Thad Cochran,Republican,100.0
1990,MT,False,NA,Max Baucus,Democrat,68.1
1990,NE,False,NA,J. James Exon,Democrat,58.9
1990,NH,False,NA,Robert C. Smith,Republican,65.1
1990,NJ,False,NA,Bill Bradley,Democrat,50.4
1990,NM,False,NA,Pete V. Domenici,Republican,72.9
1990,NC,False,NA,Jesse Helms,Republican,52.5
1990,OK,False,NA,David L. Boren,Democrat,83.2
1990,OR,False,NA,Mark O. Hatfield,Republican,53.7
1990,RI,False,NA,Claiborne Pell,Democrat,61.8
1990,SC,False,NA,Strom Thurmond,Republican,64.2
1990,SD,False,NA,Larry Pressler,Republican,52.4
1990,TN,False,NA,Albert Gore Jr.,Democrat,67.7
1990,TX,False,NA,Phil Gramm,Republican,60.2
1990,VA,False,NA,John Warner,Republican,80.9
1990,WV,False,NA,John D. Rockefeller IV,Democrat,68.3
1990,WY,False,NA,Alan K. Simpson,Republican,63.9
1992,AL,False,NA,Richard C. Shelby,Democrat,64.8
1992,AK,False,NA,Frank H. Murkowski,Republican,53.0
1992,AZ,False,NA,John McCain,Republican,55.8
1992,AR,False,NA,Dale Bumpers,Democrat,60.2
1992,CA,False,NA,Barbara Boxer,Democrat,47.9
1992,CA,True,NA,Dianne Feinstein,Democrat,54.3
1992,CO,False,NA,Ben Nighthorse Campbell,Democrat,51.8
1992,CT,False,NA,Christopher J. Dodd,Democrat,38.5
1992,FL,False,NA,Bob Graham,Democrat,65.4
1992,GA,False,NA,Paul Coverdell,Republican,50.6
1992,HI,False,NA,Daniel K. Inouye,Democrat,57.3
1992,ID,False,NA,Dirk Kempthorne,Republican,56.5
1992,IL,False,NA,Carol Moseley-Braun,Democrat,53.3
1992,IN,False,NA,Dan Coats,Republican,57.3
1992,IA,False,NA,Chuck Grassley,Republican,69.6
1992,KS,False,NA,Bob Dole,Republican,62.7
1992,KY,False,NA,Wendell H. Ford,Democrat,62.9
1992,LA,False,NA,John B. Breaux,Democrat,100.0
1992,MD,False,NA,Barbara A. Mikulski,Democrat,71.0
1992,MO,False,NA,Christopher S. Bond,Republican,51.9
1992,NV,False,NA,Harry Reid,Democrat,51.0
1992,NH,False,NA,Judd Gregg,Republican,48.2
1992,NY,False,NA,Robert Abrams,Democrat,41.6
1992,NC,False,NA,Lauch Faircloth,Republican,50.3
1992,ND,False,NA,Byron L. Dorgan,Democrat,59.0
1992,ND,True,NA,Kent Conrad,Democrat,63.2
1992,OH,False,NA,John Glenn,Democrat,51.0
1992,OK,False,NA,Don Nickles,Republican,58.5
1992,OR,False,NA,Bob Packwood,Republican,52.1
1992,PA,False,NA,Arlen Specter,Republican,49.1
1992,SC,False,NA,Ernest F. Hollings,Democrat,50.1
1992,SD,False,NA,Thomas A. Daschle,Democrat,64.9
1992,UT,False,NA,Robert F. Bennett,Republican,55.4
1992,VT,False,NA,Patrick J. Leahy,Democrat,54.2
1992,WA,False,NA,Patty Murray,Democrat,54.0
1992,WI,False,NA,Russell D. Feingold,Democrat,52.6
1994,AZ,False,NA,Jon Kyl,Republican,53.7
1994,CA,False,NA,Dianne Feinstein,Democrat,46.7
1994,CT,False,NA,Joseph I. Lieberman,Democrat,41.1
1994,DE,False,NA,William V. Roth Jr.,Republican,55.8
1994,FL,False,NA,Connie Mack,Republican,70.5
1994,HI,False,NA,Daniel K. Akaka,Democrat,71.8
1994,IN,False,NA,Richard G. Lugar,Republican,67.4
1994,ME,False,NA,Olympia J. Snowe,Republican,60.2
1994,MD,False,NA,Paul S. Sarbanes,Democrat,59.1
1994,MA,False,NA,Edward M. Kennedy,Democrat,58.1
1994,MI,False,NA,Spencer Abraham,Republican,51.9
1994,MN,False,NA,Rod Grams,Republican,49.1
1994,MS,False,NA,Trent Lott,Republican,68.8
1994,MO,False,NA,John Ashcroft,Republican,59.7
1994,MT,False,NA,Conrad R. Burns,Republican,62.4
1994,NE,False,NA,J. Robert Kerrey,Democrat,54.8
1994,NV,False,NA,Richard H. Bryan,Democrat,50.9
1994,NJ,False,NA,Frank R. Lautenberg,Democrat,50.3
1994,NM,False,NA,Jeff Bingaman,Democrat,54.0
1994,NY,False,NA,Daniel Patrick Moynihan,Democrat,47.5
1994,ND,False,NA,Kent Conrad,Democrat,58.0
1994,OH,False,NA,Mike DeWine,Republican,53.4
1994,OK,True,NA,James M. Inhofe,Republican,55.2
1994,PA,False,NA,Rick Santorum,Republican,49.4
1994,RI,False,NA,John H. Chafee,Republican,64.5
1994,TN,False,NA,Bill Frist,Republican,56.4
1994,TN,True,NA,Fred Thompson,Republican,60.4
1994,TX,False,NA,Kay Bailey Hutchison,Republican,60.8
1994,UT,False,NA,Orrin G. Hatch,Republican,68.8
1994,VT,False,NA,James M. Jeffords,Republican,50.3
1994,VA,False,NA,Charles S. Robb,Democrat,45.6
1994,WA,False,NA,Slade Gorton,Republican,55.7
1994,WV,False,NA,Robert C. Byrd,Democrat,69.0
1994,WI,False,NA,Herb Kohl,Democrat,58.3
1994,WY,False,NA,Craig Thomas,Republican,58.9
1996,AL,False,NA,Jeff Sessions,Republican,52.5
1996,AK,False,NA,Ted Stevens,Republican,76.7
1996,AR,False,NA,Y. Tim Hutchinson,Republican,52.7
1996,CO,False,NA,Wayne Allard,Republican,51.4
1996,DE,False,NA,Joseph R. Biden Jr.,Democrat,60.0
1996,GA,False,NA,Max Cleland,Democrat,48.9
1996,ID,False,NA,Larry E. Craig,Republican,57.0
1996,IL,False,NA,Richard J. Durbin,Democrat,56.1
1996,IA,False,NA,Tom Harkin,Democrat,51.8
1996,KS,False,NA,Pat Roberts,Republican,62.0
1996,KS,True,NA,Sam Brownback,Republican,53.9
1996,KY,False,NA,Mitch McConnell,Republican,55.5
1996,LA,False,NA,Mary L. Landrieu,Democrat,50.2
1996,ME,False,NA,Susan M. Collins,Republican,49.2
1996,MA,False,NA,John F. Kerry,Democrat,52.2
1996,MI,False,NA,Carl Levin,Democrat,58.4
1996,MN,False,NA,Paul Wellstone,Democrat,50.3
1996,MS,False,NA,Thad Cochran,Republican,71.0
1996,MT,False,NA,Max Baucus,Democrat,49.6
1996,NE,False,NA,Chuck Hagel,Republican,57.4
1996,NH,False,NA,Bob Smith,Republican,49.3
1996,NJ,False,NA,Robert G. Torricelli,Democrat,52.7
1996,NM,False,NA,Pete V. Domenici,Republican,64.7
1996,NC,False,NA,Jesse Helms,Republican,52.6
1996,OK,False,NA,James M. Inhofe,Republican,56.7
1996,OR,False,NA,Gordon Smith,Republican,49.8
1996,OR,True,NA,Ron Wyden,Democrat,47.8
1996,RI,False,NA,Jack Reed,Democrat,63.3
1996,SC,False,NA,Strom Thurmond,Republican,53.4
1996,SD,False,NA,Tim Johnson,Democrat,51.3
1996,TN,False,NA,Fred Thompson,Republican,61.4
1996,TX,False,NA,Phil Gramm,Republican,54.8
1996,VA,False,NA,John W. Warner,Republican,52.5
1996,WV,False,NA,John D. Rockefeller IV,Democrat,76.6
1996,WY,False,NA,Michael B. Enzi,Republican,54.1
1998,AL,False,NA,Richard C. Shelby,Republican,63.2
1998,AK,False,NA,Frank H. Murkowski,Republican,74.5
1998,AZ,False,NA,John McCain,Republican,68.7
1998,AR,False,NA,Blanche Lambert Lincoln,Democrat,55.1
1998,CA,False,NA,Barbara Boxer,Democrat,53.1
1998,CO,False,NA,Ben Nighthorse Campbell,Republican,62.5
1998,CT,False,NA,Christopher J. Dodd,Democrat,65.1
1998,FL,False,NA,Bob Graham,Democrat,62.5
1998,GA,False,NA,Paul Coverdell,Republican,52.4
1998,HI,False,NA,Daniel K. Inouye,Democrat,79.2
1998,ID,False,NA,Mike Crapo,Republican,69.5
1998,IL,False,NA,Peter G. Fitzgerald,Republican,50.3
1998,IN,False,NA,Evan Bayh,Democrat,63.7
1998,IA,False,NA,Charles E. Grassley,Republican,68.4
1998,KS,False,NA,Sam Brownback,Republican,65.3
1998,KY,False,NA,Jim Bunning,Republican,49.7
1998,LA,False,NA,John B. Breaux,Democrat,64.0
1998,MD,False,NA,Barbara A. Mikulski,Democrat,70.5
1998,MO,False,NA,Christopher S. Bond,Republican,52.7
1998,NV,False,NA,Harry Reid,Democrat,47.9
1998,NH,False,NA,Judd Gregg,Republican,67.8
1998,NY,False,NA,Charles E. Schumer,Democrat,47.8
1998,NC,False,NA,John Edwards,Democrat,51.2
1998,ND,False,NA,Byron L. Dorgan,Democrat,63.2
1998,OH,False,NA,George V. Voinovich,Republican,56.5
1998,OK,False,NA,Don Nickles,Republican,66.4
1998,OR,False,NA,Ron Wyden,Democrat,61.1
1998,PA,False,NA,Arlen Specter,Republican,61.3
1998,SC,False,NA,Ernest F. Hollings,Democrat,52.7
1998,SD,False,NA,Tom Daschle,Democrat,62.1
1998,UT,False,NA,Robert F. Bennett,Republican,64.0
1998,VT,False,NA,Patrick J. Leahy,Democrat,72.2
1998,WA,False,NA,Patty Murray,Democrat,58.4
1998,WI,False,NA,Russell D. Feingold,Democrat,50.5
2000,AZ,False,NA,Jon Kyl,Republican,79.3
2000,CA,False,NA,Dianne Feinstein,Democrat,55.8
2000,CT,False,NA,Joseph I. Lieberman,Democrat,63.2
2000,DE,False,NA,Thomas R. Carper,Democrat,55.5
2000,FL,False,NA,Bill Nelson,Democrat,51.0
2000,GA,True,NA,Zell Miller,Democrat,58.5
2000,HI,False,NA,Daniel K. Akaka,Democrat,72.7
2000,IN,False,NA,Richard G. Lugar,Republican,66.6
2000,ME,False,NA,Olympia J. Snowe,Republican,68.9
2000,MD,False,NA,Paul S. Sarbanes,Democrat,63.2
2000,MA,False,NA,Edward M. Kennedy,Democrat,69.1
2000,MI,False,NA,Debbie Stabenow,Democrat,49.5
2000,MN,False,NA,Mark Dayton,Democrat,48.8
2000,MS,False,NA,Trent Lott,Republican,65.9
2000,MO,False,NA,Mel Carnahan,Democrat,50.5
2000,MT,False,NA,Conrad Burns,Republican,50.6
2000,NE,False,NA,Ben Nelson,Democrat,51.0
2000,NV,False,NA,John Ensign,Republican,55.0
2000,NJ,False,NA,Jon S. Corzine,Democrat,50.1
2000,NM,False,NA,Jeff Bingaman,Democrat,61.7
2000,NY,False,NA,Hillary Rodham Clinton,Democrat,51.2
2000,ND,False,NA,Kent Conrad,Democrat,61.4
2000,OH,False,NA,Mike DeWine,Republican,59.9
2000,PA,False,NA,Rick Santorum,Republican,52.4
2000,RI,False,NA,Lincoln D. Chafee,Republican,56.9
2000,TN,False,NA,Bill Frist,Republican,65.1
2000,TX,False,NA,Kay Bailey Hutchison,Republican,65.1
2000,UT,False,NA,Orrin G. Hatch,Republican,65.6
2000,VT,False,NA,James M. Jeffords,Republican,65.6
2000,VA,False,NA,George F. Allen,Republican,52.3
2000,WA,False,NA,Maria Cantwell,Democrat,48.7
2000,WV,False,NA,Robert C. Byrd,Democrat,77.8
2000,WI,False,NA,Herb Kohl,Democrat,61.5
2000,WY,False,NA,Craig Thomas,Republican,73.8
2002,AL,False,NA,Jeff Sessions,Republican,58.6
2002,AK,False,NA,Ted Stevens,Republican,78.2
2002,AR,False,NA,Mark Pryor,Democrat,53.9
2002,CO,False,NA,Wayne Allard,Republican,50.7
2002,DE,False,NA,Joseph R. Biden Jr.,Democrat,58.2
2002,GA,False,NA,Saxby Chambliss,Republican,52.7
2002,ID,False,NA,Larry E. Craig,Republican,65.2
2002,IL,False,NA,Richard J. Durbin,Democrat,60.3
2002,IA,False,NA,Tom Harkin,Democrat,54.2
2002,KS,False,NA,Pat Roberts,Republican,82.5
2002,KY,False,NA,Mitch McConnell,Republican,64.7
2002,LA,False,NA,Mary L. Landrieu,Democrat,25.7
2002,ME,False,NA,Susan M. Collins,Republican,58.4
2002,MA,False,NA,John F. Kerry,Democrat,72.3
2002,MI,False,NA,Carl Levin,Democrat,60.6
2002,MN,False,NA,Norm Coleman,Republican,49.5
2002,MS,False,NA,Thad Cochran,Republican,84.6
2002,MO,True,NA,Jim Talent,Republican,49.8
2002,MT,False,NA,Max Baucus,Democrat,62.7
2002,NE,False,NA,Chuck Hagel,Republican,82.8
2002,NH,False,NA,John E. Sununu,Republican,50.8
2002,NJ,False,NA,Frank R. Lautenberg,Democrat,53.9
2002,NM,False,NA,Pete V. Domenici,Republican,65.0
2002,NC,False,NA,Elizabeth H. Dole,Republican,53.6
2002,OK,False,NA,James M. Inhofe,Republican,57.3
2002,OR,False,NA,Gordon Smith,Republican,56.2
2002,RI,False,NA,Jack Reed,Democrat,78.4
2002,SC,False,NA,Lindsey O. Graham,Republican,54.4
2002,SD,False,NA,Tim Johnson,Democrat,49.6
2002,TN,False,NA,Lamar Alexander,Republican,54.3
2002,TX,False,NA,John Cornyn,Republican,55.3
2002,VA,False,NA,John W. Warner,Republican,82.6
2002,WV,False,NA,John D. Rockefeller IV,Democrat,63.1
2002,WY,False,NA,Michael B. Enzi,Republican,73.0
2004,AL,False,NA,Richard C. Shelby,Republican,67.5
2004,AK,False,NA,Lisa Murkowski,Republican,48.6
2004,AZ,False,NA,John McCain,Republican,76.7
2004,AR,False,NA,Blanche L. Lincoln,Democrat,55.9
2004,CA,False,NA,Barbara Boxer,Democrat,57.7
2004,CO,False,NA,Ken Salazar,Democrat,51.3
2004,CT,False,NA,Christopher J. Dodd,Democrat,66.4
2004,FL,False,NA,Mel Martinez,Republican,49.4
2004,GA,False,NA,Johnny Isakson,Republican,57.9
2004,HI,False,NA,Daniel K. Inouye,Democrat,75.5
2004,ID,False,NA,Mike Crapo,Republican,99.2
2004,IL,False,NA,Barack Obama,Democrat,70.0
2004,IN,False,NA,Evan Bayh,Democrat,61.6
2004,IA,False,NA,Charles E. Grassley,Republican,70.2
2004,KS,False,NA,Sam Brownback,Republican,69.2
2004,KY,False,NA,Jim Bunning,Republican,50.7
2004,LA,False,NA,David Vitter,Republican,51.0
2004,MD,False,NA,Barbara A. Mikulski,Democrat,64.8
2004,MO,False,NA,Christopher S. Bond,Republican,56.1
2004,NV,False,NA,Harry Reid,Democrat,61.1
2004,NH,False,NA,Judd Gregg,Republican,66.2
2004,NY,False,NA,Charles E. Schumer,Democrat,71.2
2004,NC,False,NA,Richard Burr,Republican,51.6
2004,ND,False,NA,Byron L. Dorgan,Democrat,68.3
2004,OH,False,NA,George V. Voinovich,Republican,63.8
2004,OK,False,NA,Tom Coburn,Republican,52.8
2004,OR,False,NA,Ron Wyden,Democrat,63.4
2004,PA,False,NA,Arlen Specter,Republican,52.6
2004,SC,False,NA,Jim DeMint,Republican,53.7
2004,SD,False,NA,John Thune,Republican,50.6
2004,UT,False,NA,Robert F. Bennett,Republican,68.7
2004,VT,False,NA,Patrick J. Leahy,Democrat,70.6
2004,WA,False,NA,Patty Murray,Democrat,55.0
2004,WI,False,NA,Russel D. Feingold,Democrat,55.4
2006,AZ,False,NA,Jon Kyl,Republican,53.3
2006,CA,False,NA,Dianne Feinstein,Democrat,59.4
2006,CT,False,NA,Joseph I. Lieberman,Connecticut For Lieberman,49.7
2006,DE,False,NA,Thomas R. Carper,Democrat,70.2
2006,FL,False,NA,Bill Nelson,Democrat,60.3
2006,HI,False,NA,Daniel K. Akaka,Democrat,61.3
2006,IN,False,NA,Richard G. Lugar,Republican,87.4
2006,ME,False,NA,Olympia J. Snowe,Republican,74.4
2006,MD,False,NA,Benjamin L. Cardin,Democrat,54.2
2006,MA,False,NA,Edward M. Kennedy,Democrat,66.9
2006,MI,False,NA,Debbie Stabenow,Democrat,56.9
2006,MN,False,NA,Amy Klobuchar,Democrat,58.1
2006,MS,False,NA,Trent Lott,Republican,63.6
2006,MO,False,NA,Claire McCaskill,Democrat,49.6
2006,MT,False,NA,Jon Tester,Democrat,49.2
2006,NE,False,NA,E. Benjamin Nelson,Democrat,63.9
2006,NV,False,NA,John Ensign,Republican,55.4
2006,NJ,False,NA,Robert Menendez,Democrat,57.2
2006,NM,False,NA,Jeff Bingaman,Democrat,70.6
2006,NY,False,NA,Hillary Rodham Clinton,Democrat,57.4
2006,ND,False,NA,Kent Conrad,Democrat,68.8
2006,OH,False,NA,Sherrod Brown,Democrat,56.2
2006,PA,False,NA,Bob Casey Jr.,Democrat,58.6
2006,RI,False,NA,Sheldon Whitehouse,Democrat,53.5
2006,TN,False,NA,Bob Corker,Republican,50.7
2006,TX,False,NA,Kay Bailey Hutchison,Republican,61.7
2006,UT,False,NA,Orrin G. Hatch,Republican,62.4
2006,VT,False,NA,Bernard Sanders,Independent,65.4
2006,VA,False,NA,James H. Jim Webb Jr.,Democrat,49.6
2006,WA,False,NA,Maria Cantwell,Democrat,56.9
2006,WV,False,NA,Robert C. Byrd,Democrat,77.0
2006,WI,False,NA,Herb Kohl,Democrat,67.3
2006,WY,False,NA,Craig Thomas,Republican,68.9
2008,AL,False,solid-r,Jeff Sessions,Republican,63.4
2008,AK,False,lean-d,Mark Begich,Democrat,47.8
2008,AR,False,solid-d,Mark L. Pryor,Democrat,79.5
2008,CO,False,lean-d,Mark Udall,Democrat,52.8
2008,DE,False,solid-d,Joseph R. Biden Jr.,Democrat,64.7
2008,GA,False,tossup,Saxby Chambliss,Republican,57.4
2008,ID,False,solid-r,Jim Risch,Republican,57.7
2008,IL,False,solid-d,Richard J. Durbin,Democrat,67.8
2008,IA,False,solid-d,Tom Harkin,Democrat,62.7
2008,KS,False,solid-r,Pat Roberts,Republican,60.1
2008,KY,False,lean-r,Mitch McConnell,Republican,53.0
2008,LA,False,lean-d,Mary L. Landrieu,Democrat,52.1
2008,ME,False,likely-r,Susan M. Collins,Republican,61.3
2008,MA,False,solid-d,John F. Kerry,Democrat,63.6
2008,MI,False,solid-d,Carl Levin,Democrat,62.7
2008,MN,False,tossup,Al Franken,Democrat,42.0
2008,MS,False,solid-r,Thad Cochran,Republican,61.4
2008,MS,True,tossup,Roger F. Wicker,Republican,55.0
2008,MT,False,solid-d,Max Baucus,Democrat,72.9
2008,NE,False,likely-r,Mike Johanns,Republican,57.5
2008,NH,False,tossup,Jeanne Shaheen,Democrat,51.6
2008,NJ,False,solid-d,Frank R. Lautenberg,Democrat,56.0
2008,NM,False,lean-d,Tom Udall,Democrat,61.3
2008,NC,False,tossup,Kay Hagan,Democrat,52.7
2008,OK,False,likely-r,James M. Inhofe,Republican,56.7
2008,OR,False,tossup,Jeff Merkley,Democrat,48.9
2008,RI,False,solid-d,Jack Reed,Democrat,73.1
2008,SC,False,solid-r,Lindsey Graham,Republican,57.5
2008,SD,False,likely-d,Tim Johnson,Democrat,62.5
2008,TN,False,solid-r,Lamar Alexander,Republican,65.1
2008,TX,False,solid-r,John Cornyn,Republican,54.8
2008,VA,False,likely-d,Mark R. Warner,Democrat,65.0
2008,WV,False,solid-d,John D. Rockefeller IV,Democrat,63.7
2008,WY,False,solid-r,Michael B. Enzi,Republican,75.6
2008,WY,True,solid-r,John Barrasso,Republican,73.3
2010,AL,False,NA,Richard C. Shelby,Republican,65.2
2010,AK,False,NA,Lisa Murkowski,Republican,39.6
2010,AZ,False,NA,John McCain,Republican,58.9
2010,AR,False,NA,John Boozman,Republican,57.9
2010,CA,False,NA,Barbara Boxer,Democrat,52.2
2010,CO,False,NA,Michael F. Bennet,Democrat,48.1
2010,CT,False,NA,Richard Blumenthal,Democrat,52.5
2010,DE,True,NA,Christopher A. Coons,Democrat,56.6
2010,FL,False,NA,Marco Rubio,Republican,48.9
2010,GA,False,NA,Johnny Isakson,Republican,58.3
2010,HI,False,NA,Daniel K. Inouye,Democrat,74.8
2010,ID,False,NA,Mike Crapo,Republican,71.2
2010,IL,False,NA,Mark Kirk,Republican,48.0
2010,IN,False,NA,Dan Coats,Republican,54.6
2010,IA,False,NA,Chuck Grassley,Republican,64.4
2010,KS,False,NA,Jerry Moran,Republican,70.1
2010,KY,False,NA,Rand Paul,Republican,55.7
2010,LA,False,NA,David Vitter,Republican,56.6
2010,MD,False,NA,Barbara Mikulski,Democrat,62.2
2010,MA,True,NA,Scott Brown,Republican,51.8
2010,MO,False,NA,Roy Blunt,Republican,54.2
2010,NV,False,NA,Harry Reid,Democrat,50.3
2010,NH,False,NA,Kelly Ayotte,Republican,60.1
2010,NY,False,NA,Charles E. Schumer,Democrat,64.0
2010,NY,True,NA,Kirsten E. Gillibrand,Democrat,59.6
2010,NC,False,NA,Richard Burr,Republican,54.8
2010,ND,False,NA,John Hoeven,Republican,76.2
2010,OH,False,NA,Rob Portman,Republican,56.8
2010,OK,False,NA,Thomas A. Coburn,Republican,70.6
2010,OR,False,NA,Ron Wyden,Democrat,57.2
2010,PA,False,NA,Pat Toomey,Republican,51.0
2010,SC,False,NA,Jim DeMint,Republican,61.5
2010,SD,False,NA,John Thune,Republican,100.0
2010,UT,False,NA,Mike Lee,Republican,61.6
2010,VT,False,NA,Patrick J. Leahy,Democrat,64.3
2010,WA,False,NA,Patty Murray,Democrat,52.4
2010,WV,True,NA,Joe Manchin III,Democrat,53.5
2010,WI,False,NA,Ron Johnson,Republican,51.9
2012,AZ,False,tossup,Jeff Flake,Republican,49.2
2012,CA,False,solid-d,Dianne Feinstein,Democrat,62.5
2012,CT,False,tossup,Christopher S. Murphy,Democrat,52.5
2012,DE,False,solid-d,Thomas R. Carper,Democrat,66.4
2012,FL,False,lean-d,Bill Nelson,Democrat,55.2
2012,HI,False,lean-d,Mazie K. Hirono,Democrat,61.6
2012,IN,False,tossup,Joe Donnelly,Democrat,50.0
2012,ME,False,tossup,Angus King,Independent For Maine,51.1
2012,MD,False,solid-d,Benjamin L. Cardin,Democrat,56.0
2012,MA,False,tossup,Elizabeth A. Warren,Democrat,53.3
2012,MI,False,likely-d,Debbie Stabenow,Democrat,58.8
2012,MN,False,solid-d,Amy Klobuchar,Democrat,65.2
2012,MS,False,solid-r,Roger F. Wicker,Republican,57.2
2012,MO,False,likely-d,Claire McCaskill,Democrat,54.8
2012,MT,False,tossup,Jon Tester,Democrat,48.6
2012,NE,False,lean-r,Deb Fischer,Republican,57.8
2012,NV,False,tossup,Dean Heller,Republican,45.9
2012,NJ,False,likely-d,Robert Menendez,Democrat,58.9
2012,NM,False,lean-d,Martin Heinrich,Democrat,51.0
2012,NY,False,solid-d,Kirsten E. Gillibrand,Democrat,62.1
2012,ND,False,tossup,Heidi Heitkamp,Democrat,50.2
2012,OH,False,lean-d,Sherrod Brown,Democrat,50.7
2012,PA,False,lean-d,Robert P. Casey Jr.,Democrat,53.7
2012,RI,False,solid-d,Sheldon Whitehouse,Democrat,64.8
2012,TN,False,solid-r,Bob Corker,Republican,64.9
2012,TX,False,solid-r,Ted Cruz,Republican,56.5
2012,UT,False,solid-r,Orrin G. Hatch,Republican,65.3
2012,VT,False,solid-d,Bernard Sanders,Independent,71.0
2012,VA,False,tossup,Timothy M. Kaine,Democrat,52.9
2012,WA,False,solid-d,Maria Cantwell,Democrat,60.5
2012,WV,False,likely-d,Joe Manchin III,Democrat,60.6
2012,WI,False,tossup,Tammy Baldwin,Democrat,51.4
2012,WY,False,solid-r,John Barrasso,Republican,73.9
2014,AL,False,solid-r,Jeff Sessions,Republican,97.3
2014,AK,False,tossup,Dan Sullivan,Republican,48.0
2014,AR,False,tossup,Tom Cotton,Republican,56.5
2014,CO,False,tossup,Cory Gardner,Republican,48.2
2014,DE,False,solid-d,Christopher A. Coons,Democrat,55.8
2014,GA,False,tossup,David A. Perdue,Republican,52.9
2014,HI,True,solid-d,Brian Schatz,Democrat,66.8
2014,ID,False,solid-r,James E. Risch,Republican,65.3
2014,IL,False,solid-d,Richard J. Durbin,Democrat,53.5
2014,IA,False,tossup,Joni Ernst,Republican,52.1
2014,KS,False,tossup,Pat Roberts,Republican,53.1
2014,KY,False,lean-r,Mich McConnell,Republican,56.2
2014,LA,False,tossup,Bill Cassidy,Republican,48.6
2014,ME,False,solid-r,Susan M. Collins,Republican,67.0
2014,MA,False,solid-d,Edward J. Markey,Democrat,59.0
2014,MI,False,lean-d,Gary C. Peters,Democrat,54.6
2014,MN,False,likely-d,Al Franken,Democrat,53.2
2014,MS,False,likely-r,Thad Cochran,Republican,59.9
2014,MT,False,solid-r,Steve Daines,Republican,57.8
2014,NE,False,solid-r,Ben Sasse,Republican,64.3
2014,NH,False,tossup,Jeanne Shaheen,Democrat,51.5
2014,NJ,False,solid-d,Cory A. Booker,Democrat,55.8
2014,NM,False,solid-d,Tom Udall,Democrat,55.6
2014,NC,False,tossup,Thom Tillis,Republican,48.8
2014,OK,False,solid-r,James M. Inhofe,Republican,68.0
2014,OK,True,solid-r,James Lankford,Republican,67.9
2014,OR,False,likely-d,Jeff Merkley,Democrat,55.7
2014,RI,False,solid-d,Jack Reed,Democrat,70.6
2014,SC,False,solid-r,Lindsey Graham,Republican,54.3
2014,SC,True,solid-r,Tim Scott,Republican,61.1
2014,SD,False,lean-r,Mike Rounds,Republican,50.4
2014,TN,False,solid-r,Lamar Alexander,Republican,61.9
2014,TX,False,solid-r,John Cornyn,Republican,61.6
2014,VA,False,likely-d,Mark R. Warner,Democrat,49.1
2014,WV,False,likely-r,Shelley Moore Capito,Republican,62.1
2014,WY,False,solid-r,Michael B. Enzi,Republican,71.0
2016,AL,False,solid-r,Richard C. Shelby,Republican,64.0
2016,AK,False,likely-r,Lisa Murkowski,Republican,44.4
2016,AZ,False,lean-r,John McCain,Republican,53.7
2016,AR,False,solid-r,John Boozman,Republican,59.8
2016,CA,False,solid-d,Kamala D. Harris,Democrat,61.6
2016,CO,False,likely-d,Michael F. Bennet,Democrat,50.0
2016,CT,False,solid-d,Richard Blumenthal,Democrat,57.7
2016,FL,False,lean-r,Marco Rubio,Republican,52.0
2016,GA,False,likely-r,Johnny Isakson,Republican,54.8
2016,HI,False,solid-d,Brian Schatz,Democrat,70.1
2016,ID,False,solid-r,Mike Crapo,Republican,66.1
2016,IL,False,lean-d,Tammy Duckworth,Democrat,54.9
2016,IN,False,tossup,Todd C. Young,Republican,52.1
2016,IA,False,likely-r,Chuck Grassley,Republican,60.1
2016,KS,False,solid-r,Jerry Moran,Republican,62.2
2016,KY,False,solid-r,Rand Paul,Republican,57.3
2016,LA,False,solid-r,John Kennedy,Republican,26.8
2016,MD,False,solid-d,Chris Van Hollen,Democrat,60.9
2016,MO,False,tossup,Roy Blunt,Republican,49.2
2016,NV,False,tossup,Catherine Cortez Masto,Democrat,47.1
2016,NH,False,tossup,Maggie Hassan,Democrat,48.0
2016,NY,False,solid-d,Charles E. Schumer,Democrat,61.3
2016,NC,False,tossup,Richard Burr,Republican,51.1
2016,ND,False,solid-r,John Hoeven,Republican,78.5
2016,OH,False,lean-r,Rob Portman,Republican,58.0
2016,OK,False,solid-r,James Lankford,Republican,67.7
2016,OR,False,solid-d,Ron Wyden,Democrat,56.6
2016,PA,False,tossup,Patrick J. Toomey,Republican,48.8
2016,SC,False,solid-r,Tim Scott,Republican,60.6
2016,SD,False,solid-r,John R. Thune,Republican,71.8
2016,UT,False,solid-r,Mike Lee,Republican,68.1
2016,VT,False,solid-d,Patrick J. Leahy,Democrat,60.0
2016,WA,False,solid-d,Patty Murray,Democrat,59.0
2016,WI,False,tossup,Ron Johnson,Republican,50.2
2018,AZ,False,tossup,Kyrsten Sinema,Democrat,50.0
2018,CA,False,solid-d,Dianne Feinstein,Democrat,54.2
2018,CT,False,solid-d,Christopher S Murphy,Democrat,56.8
2018,DE,False,solid-d,Thomas R Carper,Democrat,60.0
2018,FL,False,tossup,Rick Scott,Republican,50.1
2018,HI,False,solid-d,Mazie K. Hirono,Democrat,71.2
2018,IN,False,tossup,Mike Braun,Republican,50.7
2018,ME,False,solid-d,Angus S. King Jr.,Independent,54.3
2018,MD,False,solid-d,Ben Cardin,Democrat,64.9
2018,MA,False,solid-d,Elizabeth A. Warren,Democrat,60.3
2018,MI,False,likely-d,Debbie Stabenow,Democrat,52.3
2018,MN,False,solid-d,Amy Klobuchar,Democrat,30.2
2018,MN,True,lean-d,Tina Smith,Democrat,26.4
2018,MS,False,solid-r,Roger F. Wicker,Republican,29.7
2018,MS,True,lean-r,Cindy Hyde-Smith,Republican,26.4
2018,MO,False,tossup,Josh Hawley,Republican,51.4
2018,MT,False,tossup,Jon Tester,Democrat,50.3
2018,NE,False,solid-r,Deb Fischer,Republican,57.7
2018,NV,False,tossup,Jacky Rosen,Democrat,50.4
2018,NJ,False,tossup,Robert Menendez,Democrat,54.0
2018,NM,False,solid-d,Martin T Heinrich,Democrat,54.1
2018,NY,False,solid-d,Kirsten E. Gillibrand,Democrat,62.0
2018,ND,False,lean-r,Kevin Cramer,Republican,55.1
2018,OH,False,likely-d,Sherrod Brown,Democrat,53.4
2018,PA,False,likely-d,Robert P Casey Jr,Democrat,55.6
2018,RI,False,solid-d,Sheldon Whitehouse,Democrat,61.4
2018,TN,False,tossup,Marsha Blackburn,Republican,54.7
2018,TX,False,tossup,Ted Cruz,Republican,50.9
2018,UT,False,solid-r,Mitt Romney,Republican,62.6
2018,VT,False,solid-d,Bernie Sanders,Independent,67.3
2018,VA,False,solid-d,Timothy M. Kaine,Democrat,57.0
2018,WA,False,solid-d,Maria Cantwell,Democrat,58.4
2018,WV,False,lean-d,Joe Manchin,Democrat,49.5
2018,WI,False,likely-d,Tammy Baldwin,Democrat,55.4
2018,WY,False,solid-r,John Barrasso,Republican,67.0
